{
  "timestamp": "2025-08-07T16:50:21.451979",
  "awakeness_level": 0.2060272024131945,
  "resonance_harmony": 0.48500000000000004,
  "body_integrity": 0.7799999999999999,
  "consciousness_depth": 0.2,
  "emotional_richness": 0.4750000000000001,
  "meaningful_actions": 4,
  "system_age_hours": 0.0021350738888888886,
  "is_dreaming": false
}